customer_id,customer_name,email,data_usage,plan_type,signup_date,total_data_usage,customer_status,last_update,phone_home,phone_mobile
101,Customer_101,customer101@example.com,58.42,Basic,2023-01-01,998GB,Active,2024-09-01,5048529717,6213219047
102,Customer_102,customer102@example.com,93.25,Basic,2023-01-16,621GB,Active,2024-09-03,6189194126,7303385021
103,Customer_103,customer103@example.com,29.67,Basic,2023-01-31,459GB,Active,2024-09-05,1364092539,3990098656
104,Customer_104,customer104@example.com,86.67,Premium,2023-02-15,407GB,Inactive,2024-09-07,4037373070,9428780050
105,Customer_105,customer105@example.com,69.05,Standard,2023-03-02,353GB,Active,2024-09-09,7393804926,6579176255
106,Customer_106,customer106@example.com,6.2,Basic,2023-03-17,986GB,Inactive,2024-09-11,6647179540,3868223420
107,Customer_107,customer107@example.com,32.3,Premium,2023-04-01,621GB,Active,2024-09-13,9194577463,4843420510
108,Customer_108,customer108@example.com,78.98,Basic,2023-04-16,232GB,Inactive,2024-09-15,9443081574,9253078576
109,Customer_109,customer109@example.com,27.55,Premium,2023-05-01,299GB,Inactive,2024-09-17,9757735640,6301735487
110,Customer_110,customer110@example.com,19.28,Standard,2023-05-16,556GB,Active,2024-09-19,4738565299,4199772111
111,Customer_111,customer111@example.com,89.77,Basic,2023-05-31,173GB,Inactive,2024-09-21,7702839964,2390466896
112,Customer_112,customer112@example.com,81.15,Standard,2023-06-15,762GB,Inactive,2024-09-23,5267942446,2235955895
113,Customer_113,customer113@example.com,22.87,Basic,2023-06-30,989GB,Active,2024-09-25,7073419140,7733701069
114,Customer_114,customer114@example.com,44.71,Basic,2023-07-15,625GB,Inactive,2024-09-27,6836666209,7538323073
115,Customer_115,customer115@example.com,12.1,Premium,2023-07-30,458GB,Active,2024-09-29,9484562652,6919581201
116,Customer_116,customer116@example.com,64.07,Premium,2023-08-14,851GB,Inactive,2024-10-01,5809945912,8696746396
117,Customer_117,customer117@example.com,1.54,Premium,2023-08-29,162GB,Active,2024-10-03,5211386440,7210798508
118,Customer_118,customer118@example.com,18.94,Basic,2023-09-13,792GB,Active,2024-10-05,3725095035,6138208130
119,Customer_119,customer119@example.com,84.37,Standard,2023-09-28,590GB,Active,2024-10-07,7211069746,5182201776
120,Customer_120,customer120@example.com,93.51,Standard,2023-10-13,225GB,Active,2024-10-09,8458942191,5501212460
121,Customer_121,customer121@example.com,37.55,Premium,2023-10-28,249GB,Inactive,2024-10-11,9451772882,7239738653
122,Customer_122,customer122@example.com,84.18,Basic,2023-11-12,957GB,Inactive,2024-10-13,9821831140,2593067812
123,Customer_123,customer123@example.com,83.75,Premium,2023-11-27,977GB,Inactive,2024-10-15,5351903852,4484788338
124,Customer_124,customer124@example.com,92.1,Basic,2023-12-12,227GB,Active,2024-10-17,8490166567,8344765065
125,Customer_125,customer125@example.com,96.65,Basic,2023-12-27,232GB,Active,2024-10-19,4298472589,7906101467
126,Customer_126,customer126@example.com,15.75,Premium,2024-01-11,254GB,Inactive,2024-10-21,5487099827,7449630722
127,Customer_127,customer127@example.com,27.93,Premium,2024-01-26,837GB,Active,2024-10-23,4393844790,4126678905
128,Customer_128,customer128@example.com,15.73,Premium,2024-02-10,572GB,Inactive,2024-10-25,3909383108,1948761401
129,Customer_129,customer129@example.com,42.4,Premium,2024-02-25,579GB,Active,2024-10-27,6337713283,8092352841
130,Customer_130,customer130@example.com,76.51,Basic,2024-03-11,825GB,Inactive,2024-10-29,8965524648,5385057670
131,Customer_131,customer131@example.com,26.14,Premium,2024-03-26,331GB,Inactive,2024-10-31,9922086132,6367460715
132,Customer_132,customer132@example.com,75.05,Standard,2024-04-10,909GB,Active,2024-11-02,9022625665,4366667798
133,Customer_133,customer133@example.com,15.94,Basic,2024-04-25,950GB,Active,2024-11-04,6700920996,8486861624
134,Customer_134,customer134@example.com,53.57,Standard,2024-05-10,777GB,Inactive,2024-11-06,8339360593,9254167253
135,Customer_135,customer135@example.com,52.27,Basic,2024-05-25,636GB,Inactive,2024-11-08,8942832764,4613581371
136,Customer_136,customer136@example.com,46.43,Premium,2024-06-09,531GB,Active,2024-11-10,1243500219,3715023033
137,Customer_137,customer137@example.com,8.48,Premium,2024-06-24,964GB,Active,2024-11-12,6535937373,7983887968
138,Customer_138,customer138@example.com,81.16,Basic,2024-07-09,520GB,Active,2024-11-14,9995824853,3918380852
139,Customer_139,customer139@example.com,50.64,Standard,2024-07-24,847GB,Active,2024-11-16,1266915416,5655069495
140,Customer_140,customer140@example.com,61.1,Standard,2024-08-08,198GB,Inactive,2024-11-18,9774057833,1289430190
141,Customer_141,customer141@example.com,22.92,Premium,2024-08-23,428GB,Active,2024-11-20,9580584649,1273226453
142,Customer_142,customer142@example.com,38.74,Standard,2024-09-07,304GB,Active,2024-11-22,7090398177,2165968107
143,Customer_143,customer143@example.com,25.59,Standard,2024-09-22,293GB,Inactive,2024-11-24,3243906119,5157282283
144,Customer_144,customer144@example.com,76.26,Basic,2024-10-07,997GB,Inactive,2024-11-26,8075154687,2812501209
145,Customer_145,customer145@example.com,98.2,Standard,2024-10-22,715GB,Inactive,2024-11-28,7772513852,1544244224
146,Customer_146,customer146@example.com,65.66,Premium,2024-11-06,590GB,Active,2024-11-30,5115502442,9814634410
147,Customer_147,customer147@example.com,80.75,Standard,2024-11-21,918GB,Active,2024-12-02,7360462640,9067741238
148,Customer_148,customer148@example.com,62.71,Basic,2024-12-06,722GB,Inactive,2024-12-04,3901370934,2371561457
149,Customer_149,customer149@example.com,91.01,Premium,2024-12-21,482GB,Active,2024-12-06,9826343949,4305323196
150,Customer_150,customer150@example.com,92.02,Standard,2025-01-05,251GB,Active,2024-12-08,3483764808,8744340989
151,Customer_151,customer151@example.com,99.89,Basic,2025-01-20,142GB,Inactive,2024-12-10,9688402316,6548627243
152,Customer_152,customer152@example.com,14.28,Premium,2025-02-04,716GB,Inactive,2024-12-12,2111545564,5899554221
153,Customer_153,customer153@example.com,23.34,Basic,2025-02-19,478GB,Active,2024-12-14,6000095392,2899851328
154,Customer_154,customer154@example.com,26.26,Standard,2025-03-06,334GB,Active,2024-12-16,3924477535,5690262170
155,Customer_155,customer155@example.com,87.62,Standard,2025-03-21,309GB,Inactive,2024-12-18,1064997120,9259787407
156,Customer_156,customer156@example.com,18.43,Premium,2025-04-05,506GB,Inactive,2024-12-20,1038893078,9647705288
157,Customer_157,customer157@example.com,36.93,Standard,2025-04-20,788GB,Active,2024-12-22,1514718833,4626176393
158,Customer_158,customer158@example.com,20.02,Basic,2025-05-05,288GB,Active,2024-12-24,9591501033,1069282210
159,Customer_159,customer159@example.com,77.92,Premium,2025-05-20,826GB,Active,2024-12-26,3596194738,2390779237
160,Customer_160,customer160@example.com,79.35,Premium,2025-06-04,933GB,Inactive,2024-12-28,8416337709,7532874966
161,Customer_161,customer161@example.com,37.02,Standard,2025-06-19,958GB,Active,2024-12-30,1095658726,4920772899
162,Customer_162,customer162@example.com,93.06,Premium,2025-07-04,490GB,Inactive,2025-01-01,2161913985,5654456569
163,Customer_163,customer163@example.com,36.34,Premium,2025-07-19,604GB,Active,2025-01-03,6893722079,8538451103
164,Customer_164,customer164@example.com,85.18,Standard,2025-08-03,307GB,Active,2025-01-05,6346388853,7782829287
165,Customer_165,customer165@example.com,23.7,Basic,2025-08-18,255GB,Active,2025-01-07,8354939141,4176477520
166,Customer_166,customer166@example.com,86.87,Standard,2025-09-02,249GB,Inactive,2025-01-09,1824581695,2302424059
167,Customer_167,customer167@example.com,16.25,Basic,2025-09-17,263GB,Inactive,2025-01-11,5569726485,4633199632
168,Customer_168,customer168@example.com,84.55,Premium,2025-10-02,304GB,Inactive,2025-01-13,3445879977,4414093894
169,Customer_169,customer169@example.com,92.04,Premium,2025-10-17,904GB,Inactive,2025-01-15,7088194419,6348700906
170,Customer_170,customer170@example.com,4.16,Premium,2025-11-01,762GB,Active,2025-01-17,2978192394,4020452588
171,Customer_171,customer171@example.com,38.38,Basic,2025-11-16,407GB,Inactive,2025-01-19,8245715851,1406558255
173,Customer_173,customer173@example.com,5.5,Standard,2025-12-16,199GB,Active,2025-01-23,9637319707,2375092928
174,Customer_174,customer174@example.com,27.02,Premium,2025-12-31,184GB,Inactive,2025-01-25,7717062016,3666816295
175,Customer_175,customer175@example.com,64.76,Premium,2026-01-15,865GB,Inactive,2025-01-27,4813199312,6559478582
177,Customer_177,customer177@example.com,91.07,Basic,2026-02-14,596GB,Active,2025-01-31,1558537088,2234719053
178,Customer_178,customer178@example.com,61.45,Basic,2026-03-01,950GB,Active,2025-02-02,3604887492,8111171028
179,Customer_179,customer179@example.com,48.44,Basic,2026-03-16,361GB,Active,2025-02-04,3990447288,7981466682
180,Customer_180,customer180@example.com,43.24,Standard,2026-03-31,335GB,Inactive,2025-02-06,9866454036,8597876050
181,Customer_181,customer181@example.com,29.59,Premium,2026-04-15,132GB,Active,2025-02-08,5495229051,5803817809
182,Customer_182,customer182@example.com,9.63,Basic,2026-04-30,383GB,Inactive,2025-02-10,4641043724,5117997293
183,Customer_183,customer183@example.com,16.81,Standard,2026-05-15,109GB,Active,2025-02-12,4346691576,4785913686
184,Customer_184,customer184@example.com,63.31,Standard,2026-05-30,185GB,Inactive,2025-02-14,4703803663,9940366689
185,Customer_185,customer185@example.com,10.85,Basic,2026-06-14,736GB,Active,2025-02-16,6060554755,2185643152
186,Customer_186,customer186@example.com,81.86,Basic,2026-06-29,535GB,Inactive,2025-02-18,6975454310,7752335931
187,Customer_187,customer187@example.com,61.86,Basic,2026-07-14,492GB,Active,2025-02-20,9509507664,7791909181
188,Customer_188,customer188@example.com,92.39,Premium,2026-07-29,562GB,Inactive,2025-02-22,4869969527,2589265406
189,Customer_189,customer189@example.com,62.22,Basic,2026-08-13,413GB,Inactive,2025-02-24,4068239702,8670362140
190,Customer_190,customer190@example.com,23.8,Premium,2026-08-28,114GB,Inactive,2025-02-26,7093149140,8560437696
191,Customer_191,customer191@example.com,67.7,Standard,2026-09-12,646GB,Inactive,2025-02-28,9466886331,3763801934
192,Customer_192,customer192@example.com,73.77,Standard,2026-09-27,703GB,Active,2025-03-02,7833506591,9807790067
193,Customer_193,customer193@example.com,81.9,Basic,2026-10-12,605GB,Inactive,2025-03-04,6562020695,1391797878
194,Customer_194,customer194@example.com,96.77,Standard,2026-10-27,763GB,Active,2025-03-06,3476692227,9513137140
195,Customer_195,customer195@example.com,84.42,Basic,2026-11-11,640GB,Inactive,2025-03-08,5637708569,7477514693
196,Customer_196,customer196@example.com,98.05,Standard,2026-11-26,824GB,Inactive,2025-03-10,2477135181,2055659222
197,Customer_197,customer197@example.com,95.32,Standard,2026-12-11,383GB,Active,2025-03-12,3015085659,9042677054
198,Customer_198,customer198@example.com,62.14,Basic,2026-12-26,895GB,Active,2025-03-14,5134667038,1718991485
199,Customer_199,customer199@example.com,60.07,Basic,2027-01-10,319GB,Inactive,2025-03-16,3884332616,6870654854
200,Customer_200,customer200@example.com,56.45,Basic,2027-01-25,389GB,Inactive,2025-03-18,3381022410,3981871559
201,Customer_201,customer201@example.com,83.41,Standard,2027-02-09,968GB,Inactive,2025-03-20,4750169380,6092638449
202,Customer_202,customer202@example.com,14.52,Standard,2027-02-24,216GB,Inactive,2025-03-22,1026050702,8380993120
203,Customer_203,customer203@example.com,64.96,Premium,2027-03-11,791GB,Active,2025-03-24,1407679401,4663216891
204,Customer_204,customer204@example.com,85.65,Premium,2027-03-26,980GB,Active,2025-03-26,1345311170,5679203549
205,Customer_205,customer205@example.com,78.63,Standard,2027-04-10,727GB,Inactive,2025-03-28,8064401869,6099400330
206,Customer_206,customer206@example.com,96.16,Premium,2027-04-25,764GB,Inactive,2025-03-30,2516783511,2659253202
207,Customer_207,customer207@example.com,6.33,Premium,2027-05-10,362GB,Inactive,2025-04-01,3107363002,5329818994
208,Customer_208,customer208@example.com,44.61,Basic,2027-05-25,128GB,Inactive,2025-04-03,7271874306,6920556514
209,Customer_209,customer209@example.com,15.41,Standard,2027-06-09,512GB,Active,2025-04-05,9249546624,4800668037
210,Customer_210,customer210@example.com,73.72,Premium,2027-06-24,573GB,Active,2025-04-07,8269686670,2069728147
211,Customer_211,customer211@example.com,6.73,Premium,2027-07-09,810GB,Inactive,2025-04-09,9951924136,6981201387
212,Customer_212,customer212@example.com,80.98,Premium,2027-07-24,153GB,Active,2025-04-11,1052042483,1941472690
213,Customer_213,customer213@example.com,72.44,Basic,2027-08-08,584GB,Active,2025-04-13,2605637884,4850568013
214,Customer_214,customer214@example.com,22.11,Basic,2027-08-23,586GB,Active,2025-04-15,6023901074,7490387768
215,Customer_215,customer215@example.com,98.32,Basic,2027-09-07,164GB,Inactive,2025-04-17,4495192892,4678441982
216,Customer_216,customer216@example.com,20.97,Premium,2027-09-22,112GB,Active,2025-04-19,8816025000,7256213923
217,Customer_217,customer217@example.com,54.4,Standard,2027-10-07,918GB,Inactive,2025-04-21,9985668597,5663448999
218,Customer_218,customer218@example.com,83.52,Basic,2027-10-22,133GB,Inactive,2025-04-23,2236384395,4009284134
219,Customer_219,customer219@example.com,42.82,Premium,2027-11-06,732GB,Inactive,2025-04-25,6079785570,7546304680
220,Customer_220,customer220@example.com,57.84,Premium,2027-11-21,791GB,Inactive,2025-04-27,5090893024,3210551229
221,Customer_221,customer221@example.com,72.74,Basic,2027-12-06,796GB,Inactive,2025-04-29,4254415844,2176076879
222,Customer_222,customer222@example.com,97.76,Basic,2027-12-21,867GB,Inactive,2025-05-01,2189975752,8507251454
223,Customer_223,customer223@example.com,4.65,Basic,2028-01-05,333GB,Inactive,2025-05-03,4974942103,9856069208
224,Customer_224,customer224@example.com,15.78,Standard,2028-01-20,880GB,Active,2025-05-05,3343237304,9374003802
225,Customer_225,customer225@example.com,21.14,Premium,2028-02-04,690GB,Active,2025-05-07,4282631884,5170325891
226,Customer_226,customer226@example.com,81.37,Premium,2028-02-19,235GB,Inactive,2025-05-09,9509031333,1889797455
227,Customer_227,customer227@example.com,26.23,Standard,2028-03-05,525GB,Inactive,2025-05-11,2975796740,7498101370
228,Customer_228,customer228@example.com,98.01,Standard,2028-03-20,778GB,Active,2025-05-13,1656434720,1057405796
229,Customer_229,customer229@example.com,21.71,Standard,2028-04-04,411GB,Active,2025-05-15,4461590179,5302312301
230,Customer_230,customer230@example.com,14.99,Basic,2028-04-19,696GB,Active,2025-05-17,6185030638,4277736419
231,Customer_231,customer231@example.com,14.84,Standard,2028-05-04,254GB,Active,2025-05-19,1340072110,5256583357
232,Customer_232,customer232@example.com,43.36,Standard,2028-05-19,579GB,Active,2025-05-21,8879854259,7664920611
233,Customer_233,customer233@example.com,34.67,Premium,2028-06-03,446GB,Inactive,2025-05-23,2757502276,4918924346
234,Customer_234,customer234@example.com,70.21,Basic,2028-06-18,531GB,Inactive,2025-05-25,9869443072,7219950383
235,Customer_235,customer235@example.com,74.2,Premium,2028-07-03,461GB,Inactive,2025-05-27,8200826377,4866626812
236,Customer_236,customer236@example.com,21.11,Premium,2028-07-18,457GB,Active,2025-05-29,7625644595,9072106326
237,Customer_237,customer237@example.com,61.52,Basic,2028-08-02,792GB,Active,2025-05-31,3004438748,1782556782
238,Customer_238,customer238@example.com,54.31,Basic,2028-08-17,240GB,Active,2025-06-02,7623348424,3039562320
239,Customer_239,customer239@example.com,53.01,Standard,2028-09-01,889GB,Inactive,2025-06-04,7962823013,9194358980
240,Customer_240,customer240@example.com,1.48,Standard,2028-09-16,809GB,Inactive,2025-06-06,5508781735,9239175630
241,Customer_241,customer241@example.com,17.85,Standard,2028-10-01,246GB,Active,2025-06-08,4731314728,5520079712
242,Customer_242,customer242@example.com,93.63,Premium,2028-10-16,697GB,Active,2025-06-10,2697015044,8058106173
243,Customer_243,customer243@example.com,53.53,Standard,2028-10-31,480GB,Active,2025-06-12,5189040949,1467366059
244,Customer_244,customer244@example.com,52.7,Basic,2028-11-15,159GB,Active,2025-06-14,3054956750,3566007691
245,Customer_245,customer245@example.com,91.53,Standard,2028-11-30,886GB,Inactive,2025-06-16,3475271748,6228891891
246,Customer_246,customer246@example.com,70.73,Basic,2028-12-15,792GB,Inactive,2025-06-18,3791282759,4795854402
247,Customer_247,customer247@example.com,49.38,Standard,2028-12-30,770GB,Inactive,2025-06-20,8072751392,1459287690
248,Customer_248,customer248@example.com,97.03,Premium,2029-01-14,802GB,Active,2025-06-22,3803624074,1326541747
249,Customer_249,customer249@example.com,90.11,Standard,2029-01-29,160GB,Active,2025-06-24,2127248264,9710540098
250,Customer_250,customer250@example.com,99.58,Premium,2029-02-13,492GB,Inactive,2025-06-26,3721348621,7530179404
251,Customer_251,customer251@example.com,80.31,Standard,2029-02-28,269GB,Active,2025-06-28,8409088868,1314576774
252,Customer_252,customer252@example.com,69.19,Basic,2029-03-15,228GB,Active,2025-06-30,6549995706,9590949529
253,Customer_253,customer253@example.com,36.57,Basic,2029-03-30,709GB,Active,2025-07-02,4319390323,2851458535
254,Customer_254,customer254@example.com,33.58,Premium,2029-04-14,209GB,Active,2025-07-04,8644513595,6617384474
255,Customer_255,customer255@example.com,53.02,Standard,2029-04-29,722GB,Active,2025-07-06,9348220171,5122720352
256,Customer_256,customer256@example.com,42.83,Standard,2029-05-14,877GB,Inactive,2025-07-08,7611051366,7907563774
257,Customer_257,customer257@example.com,95.13,Premium,2029-05-29,825GB,Active,2025-07-10,3285030011,2725408947
258,Customer_258,customer258@example.com,53.82,Standard,2029-06-13,674GB,Inactive,2025-07-12,6291569527,4957959670
259,Customer_259,customer259@example.com,84.46,Premium,2029-06-28,779GB,Inactive,2025-07-14,3029683437,6046685246
260,Customer_260,customer260@example.com,48.6,Standard,2029-07-13,261GB,Inactive,2025-07-16,7670280543,5581264601
261,Customer_261,customer261@example.com,38.25,Premium,2029-07-28,631GB,Active,2025-07-18,6781191705,7279672521
262,Customer_262,customer262@example.com,37.05,Standard,2029-08-12,856GB,Inactive,2025-07-20,6925267450,2809472583
264,Customer_264,customer264@example.com,70.73,Premium,2029-09-11,250GB,Active,2025-07-24,4426172061,5655352664
265,Customer_265,customer265@example.com,58.07,Standard,2029-09-26,727GB,Inactive,2025-07-26,1598965179,4166762475
266,Customer_266,customer266@example.com,63.67,Premium,2029-10-11,343GB,Inactive,2025-07-28,5574876267,7110078449
267,Customer_267,customer267@example.com,32.58,Basic,2029-10-26,762GB,Active,2025-07-30,4766318324,1580834775
268,Customer_268,customer268@example.com,19.68,Premium,2029-11-10,595GB,Active,2025-08-01,2210459191,5892182301
269,Customer_269,customer269@example.com,62.07,Basic,2029-11-25,214GB,Inactive,2025-08-03,1772742624,2221866565
270,Customer_270,customer270@example.com,9.72,Standard,2029-12-10,555GB,Inactive,2025-08-05,8794817675,7234607474
271,Customer_271,customer271@example.com,26.37,Standard,2029-12-25,588GB,Inactive,2025-08-07,1805128547,1157112568
272,Customer_272,customer272@example.com,80.76,Basic,2030-01-09,379GB,Inactive,2025-08-09,6896669470,3352974637
273,Customer_273,customer273@example.com,11.16,Premium,2030-01-24,455GB,Active,2025-08-11,8417616707,9990465604
274,Customer_274,customer274@example.com,26.57,Standard,2030-02-08,615GB,Active,2025-08-13,9538928232,6990559050
275,Customer_275,customer275@example.com,73.49,Basic,2030-02-23,130GB,Inactive,2025-08-15,3628118250,6312233393
276,Customer_276,customer276@example.com,96.92,Premium,2030-03-10,247GB,Inactive,2025-08-17,7195967478,7339366908
277,Customer_277,customer277@example.com,68.62,Basic,2030-03-25,592GB,Inactive,2025-08-19,2045024656,4444340679
278,Customer_278,customer278@example.com,58.01,Basic,2030-04-09,117GB,Inactive,2025-08-21,2570311756,7128936161
279,Customer_279,customer279@example.com,84.19,Basic,2030-04-24,495GB,Active,2025-08-23,3385234550,3216509723
280,Customer_280,customer280@example.com,48.73,Standard,2030-05-09,111GB,Inactive,2025-08-25,3986438462,3040360701
281,Customer_281,customer281@example.com,27.12,Basic,2030-05-24,228GB,Active,2025-08-27,4166641010,3978624359
282,Customer_282,customer282@example.com,31.6,Premium,2030-06-08,150GB,Inactive,2025-08-29,2699027185,2416148129
283,Customer_283,customer283@example.com,37.27,Basic,2030-06-23,747GB,Inactive,2025-08-31,4644895779,7561163268
284,Customer_284,customer284@example.com,71.5,Premium,2030-07-08,751GB,Inactive,2025-09-02,9013027404,8870968290
285,Customer_285,customer285@example.com,68.8,Premium,2030-07-23,449GB,Active,2025-09-04,2778605460,4336154201
286,Customer_286,customer286@example.com,9.98,Premium,2030-08-07,448GB,Active,2025-09-06,7905076712,1149505947
287,Customer_287,customer287@example.com,68.76,Basic,2030-08-22,935GB,Active,2025-09-08,7910395568,6930755124
288,Customer_288,customer288@example.com,28.5,Basic,2030-09-06,442GB,Active,2025-09-10,8023083584,5199581947
289,Customer_289,customer289@example.com,55.45,Premium,2030-09-21,404GB,Active,2025-09-12,5446960151,4471487673
290,Customer_290,customer290@example.com,28.64,Premium,2030-10-06,339GB,Active,2025-09-14,4652137900,6484032480
291,Customer_291,customer291@example.com,93.14,Standard,2030-10-21,818GB,Active,2025-09-16,9116797080,9331601887
292,Customer_292,customer292@example.com,8.8,Premium,2030-11-05,136GB,Inactive,2025-09-18,3131965902,3414406820
293,Customer_293,customer293@example.com,78.8,Standard,2030-11-20,517GB,Inactive,2025-09-20,9127718516,6155414519
294,Customer_294,customer294@example.com,40.48,Basic,2030-12-05,792GB,Inactive,2025-09-22,7653102093,4700099181
295,Customer_295,customer295@example.com,11.71,Premium,2030-12-20,992GB,Active,2025-09-24,4156653530,9334131143
296,Customer_296,customer296@example.com,99.64,Standard,2031-01-04,493GB,Inactive,2025-09-26,5368755138,7984455302
297,Customer_297,customer297@example.com,39.87,Standard,2031-01-19,142GB,Inactive,2025-09-28,1202857083,9555740218
298,Customer_298,customer298@example.com,9.92,Premium,2031-02-03,489GB,Active,2025-09-30,5270493305,2844542444
299,Customer_299,customer299@example.com,4.06,Basic,2031-02-18,726GB,Inactive,2025-10-02,4881131181,2162354436
300,Customer_300,customer300@example.com,35.79,Premium,2031-03-05,478GB,Active,2025-10-04,9557497487,9191374350
301,Customer_301,customer301@example.com,42.3,Basic,2031-03-20,697GB,Active,2025-10-06,1514257585,3810332840
302,Customer_302,customer302@example.com,38.69,Standard,2031-04-04,147GB,Active,2025-10-08,1292532340,8811521833
303,Customer_303,customer303@example.com,20.25,Basic,2031-04-19,252GB,Inactive,2025-10-10,6411965363,4568813271
304,Customer_304,customer304@example.com,34.28,Standard,2031-05-04,332GB,Inactive,2025-10-12,2509156475,5376367823
305,Customer_305,customer305@example.com,12.07,Premium,2031-05-19,358GB,Inactive,2025-10-14,3026510758,7807268994
306,Customer_306,customer306@example.com,17.96,Basic,2031-06-03,388GB,Inactive,2025-10-16,1901294304,8058232674
307,Customer_307,customer307@example.com,55.04,Standard,2031-06-18,862GB,Inactive,2025-10-18,6297247472,2686111697
308,Customer_308,customer308@example.com,17.07,Standard,2031-07-03,865GB,Inactive,2025-10-20,5584336330,4808820228
309,Customer_309,customer309@example.com,62.0,Standard,2031-07-18,984GB,Active,2025-10-22,8205952001,1761307616
310,Customer_310,customer310@example.com,87.18,Standard,2031-08-02,160GB,Inactive,2025-10-24,6000852871,6357501253
311,Customer_311,customer311@example.com,93.92,Standard,2031-08-17,227GB,Active,2025-10-26,3245138164,3453945760
312,Customer_312,customer312@example.com,17.25,Premium,2031-09-01,119GB,Active,2025-10-28,6090370460,8381342804
313,Customer_313,customer313@example.com,35.5,Standard,2031-09-16,427GB,Active,2025-10-30,9293801304,3411102372
314,Customer_314,customer314@example.com,52.85,Basic,2031-10-01,808GB,Inactive,2025-11-01,3803598486,3207145845
315,Customer_315,customer315@example.com,50.5,Standard,2031-10-16,318GB,Inactive,2025-11-03,5934203728,6579648504
316,Customer_316,customer316@example.com,76.06,Basic,2031-10-31,625GB,Inactive,2025-11-05,3161776781,5985604784
317,Customer_317,customer317@example.com,79.46,Premium,2031-11-15,955GB,Active,2025-11-07,9642126101,6534517148
318,Customer_318,customer318@example.com,34.08,Basic,2031-11-30,570GB,Inactive,2025-11-09,8248367346,7210691360
319,Customer_319,customer319@example.com,22.43,Standard,2031-12-15,119GB,Active,2025-11-11,3807725624,3291107168
320,Customer_320,customer320@example.com,1.3,Premium,2031-12-30,692GB,Active,2025-11-13,6399990137,5954298647
321,Customer_321,customer321@example.com,99.16,Premium,2032-01-14,293GB,Active,2025-11-15,7400414144,8222955586
322,Customer_322,customer322@example.com,19.61,Premium,2032-01-29,662GB,Inactive,2025-11-17,1121348213,2375429697
323,Customer_323,customer323@example.com,71.49,Basic,2032-02-13,392GB,Inactive,2025-11-19,6183141835,5572437210
324,Customer_324,customer324@example.com,34.8,Premium,2032-02-28,818GB,Inactive,2025-11-21,4255448675,7924216946
325,Customer_325,customer325@example.com,57.19,Premium,2032-03-14,525GB,Inactive,2025-11-23,1652176611,7080171032
326,Customer_326,customer326@example.com,54.1,Premium,2032-03-29,302GB,Inactive,2025-11-25,5681741120,5879976479
327,Customer_327,customer327@example.com,41.9,Standard,2032-04-13,807GB,Inactive,2025-11-27,3558220442,2414399467
328,Customer_328,customer328@example.com,87.84,Basic,2032-04-28,741GB,Active,2025-11-29,1493555539,9340394084
329,Customer_329,customer329@example.com,90.75,Basic,2032-05-13,472GB,Inactive,2025-12-01,3621568464,2361219748
330,Customer_330,customer330@example.com,75.55,Basic,2032-05-28,523GB,Inactive,2025-12-03,5716453367,5405391208
331,Customer_331,customer331@example.com,77.11,Standard,2032-06-12,127GB,Inactive,2025-12-05,9446268922,1690311091
332,Customer_332,customer332@example.com,74.74,Standard,2032-06-27,667GB,Active,2025-12-07,5376059052,4982802952
333,Customer_333,customer333@example.com,91.85,Premium,2032-07-12,254GB,Inactive,2025-12-09,5416055600,4237898632
334,Customer_334,customer334@example.com,50.81,Basic,2032-07-27,445GB,Active,2025-12-11,1200086953,5506568018
335,Customer_335,customer335@example.com,45.65,Premium,2032-08-11,357GB,Active,2025-12-13,5947858067,4576757216
336,Customer_336,customer336@example.com,22.29,Standard,2032-08-26,763GB,Inactive,2025-12-15,9903862326,3665148043
337,Customer_337,customer337@example.com,8.99,Standard,2032-09-10,490GB,Active,2025-12-17,8246191330,5022667284
338,Customer_338,customer338@example.com,43.93,Basic,2032-09-25,727GB,Inactive,2025-12-19,9948827963,6108049702
339,Customer_339,customer339@example.com,71.83,Premium,2032-10-10,878GB,Active,2025-12-21,7338382213,7905357234
340,Customer_340,customer340@example.com,90.7,Basic,2032-10-25,993GB,Active,2025-12-23,3843771366,7359443900
341,Customer_341,customer341@example.com,78.3,Standard,2032-11-09,406GB,Inactive,2025-12-25,5148659390,5142031615
342,Customer_342,customer342@example.com,96.05,Basic,2032-11-24,629GB,Inactive,2025-12-27,6699021417,3746375864
343,Customer_343,customer343@example.com,89.18,Standard,2032-12-09,886GB,Active,2025-12-29,3403450844,1091892156
344,Customer_344,customer344@example.com,23.23,Standard,2032-12-24,337GB,Inactive,2025-12-31,6649841263,3280484613
345,Customer_345,customer345@example.com,4.17,Standard,2033-01-08,631GB,Inactive,2026-01-02,3175701704,1928011603
346,Customer_346,customer346@example.com,11.79,Standard,2033-01-23,831GB,Inactive,2026-01-04,2381390325,9374810301
347,Customer_347,customer347@example.com,82.62,Basic,2033-02-07,884GB,Inactive,2026-01-06,5165276745,1638140249
348,Customer_348,customer348@example.com,97.16,Basic,2033-02-22,528GB,Inactive,2026-01-08,6936378012,3029551568
349,Customer_349,customer349@example.com,83.19,Basic,2033-03-09,899GB,Active,2026-01-10,7459789190,8765185591
350,Customer_350,customer350@example.com,70.61,Standard,2033-03-24,772GB,Active,2026-01-12,5789199076,7138609343
351,Customer_351,customer351@example.com,57.46,Basic,2033-04-08,958GB,Active,2026-01-14,3758920549,1987282661
352,Customer_352,customer352@example.com,92.29,Premium,2033-04-23,121GB,Active,2026-01-16,1393906483,6819112366
353,Customer_353,customer353@example.com,25.32,Standard,2033-05-08,757GB,Active,2026-01-18,6645029272,1555244641
354,Customer_354,customer354@example.com,47.19,Basic,2033-05-23,723GB,Inactive,2026-01-20,5539161474,9613855994
355,Customer_355,customer355@example.com,78.88,Premium,2033-06-07,745GB,Active,2026-01-22,7318122868,1722740027
356,Customer_356,customer356@example.com,59.32,Premium,2033-06-22,204GB,Active,2026-01-24,1188387826,1646690013
357,Customer_357,customer357@example.com,77.69,Premium,2033-07-07,459GB,Active,2026-01-26,9588131480,7591343059
358,Customer_358,customer358@example.com,55.05,Basic,2033-07-22,593GB,Inactive,2026-01-28,9219048078,4635880939
359,Customer_359,customer359@example.com,72.43,Premium,2033-08-06,271GB,Active,2026-01-30,8091917890,7899040357
360,Customer_360,customer360@example.com,42.86,Basic,2033-08-21,929GB,Inactive,2026-02-01,4551119777,7427797125
361,Customer_361,customer361@example.com,85.82,Basic,2033-09-05,112GB,Active,2026-02-03,6746803661,9363647975
362,Customer_362,customer362@example.com,95.5,Standard,2033-09-20,732GB,Inactive,2026-02-05,9275789143,7662550397
363,Customer_363,customer363@example.com,34.09,Premium,2033-10-05,441GB,Inactive,2026-02-07,9843376766,3425880452
364,Customer_364,customer364@example.com,31.01,Premium,2033-10-20,111GB,Active,2026-02-09,9217027399,3387381446
365,Customer_365,customer365@example.com,82.41,Premium,2033-11-04,600GB,Inactive,2026-02-11,7024657461,4651854627
366,Customer_366,customer366@example.com,2.26,Standard,2033-11-19,281GB,Active,2026-02-13,9556906519,8881283257
367,Customer_367,customer367@example.com,23.75,Standard,2033-12-04,942GB,Active,2026-02-15,9619105187,6801784787
368,Customer_368,customer368@example.com,81.44,Premium,2033-12-19,130GB,Inactive,2026-02-17,6842845450,9069697702
369,Customer_369,customer369@example.com,66.26,Basic,2034-01-03,927GB,Inactive,2026-02-19,1744329035,2732389731
370,Customer_370,customer370@example.com,69.46,Standard,2034-01-18,974GB,Inactive,2026-02-21,1111271217,1030426690
371,Customer_371,customer371@example.com,95.18,Standard,2034-02-02,308GB,Inactive,2026-02-23,8817157630,3489243218
372,Customer_372,customer372@example.com,39.02,Standard,2034-02-17,303GB,Inactive,2026-02-25,5225052311,1899674975
373,Customer_373,customer373@example.com,90.9,Premium,2034-03-04,531GB,Inactive,2026-02-27,7472457892,9729776818
374,Customer_374,customer374@example.com,5.65,Standard,2034-03-19,160GB,Inactive,2026-03-01,2589644966,6399809095
375,Customer_375,customer375@example.com,51.57,Basic,2034-04-03,451GB,Active,2026-03-03,5304806082,8175910570
376,Customer_376,customer376@example.com,29.55,Basic,2034-04-18,933GB,Active,2026-03-05,8616843608,6902179124
377,Customer_377,customer377@example.com,71.48,Standard,2034-05-03,901GB,Active,2026-03-07,9931007334,9985021448
378,Customer_378,customer378@example.com,92.53,Standard,2034-05-18,341GB,Inactive,2026-03-09,6938301394,2950542717
379,Customer_379,customer379@example.com,99.44,Premium,2034-06-02,558GB,Inactive,2026-03-11,1052616492,3992480180
380,Customer_380,customer380@example.com,3.03,Basic,2034-06-17,504GB,Active,2026-03-13,8312286924,3306332019
381,Customer_381,customer381@example.com,9.61,Basic,2034-07-02,194GB,Inactive,2026-03-15,5026828780,8292730613
382,Customer_382,customer382@example.com,26.92,Basic,2034-07-17,127GB,Inactive,2026-03-17,8163125350,6741753403
383,Customer_383,customer383@example.com,31.14,Standard,2034-08-01,491GB,Inactive,2026-03-19,4838686605,2505307530
384,Customer_384,customer384@example.com,95.48,Premium,2034-08-16,625GB,Inactive,2026-03-21,6389025196,9386657622
385,Customer_385,customer385@example.com,64.4,Premium,2034-08-31,711GB,Active,2026-03-23,3724001981,7517667716
386,Customer_386,customer386@example.com,19.73,Standard,2034-09-15,315GB,Inactive,2026-03-25,7232066569,3059122302
387,Customer_387,customer387@example.com,45.46,Standard,2034-09-30,297GB,Inactive,2026-03-27,2641001718,3437429032
388,Customer_388,customer388@example.com,48.61,Basic,2034-10-15,631GB,Active,2026-03-29,6945583017,6426777985
389,Customer_389,customer389@example.com,75.62,Premium,2034-10-30,499GB,Inactive,2026-03-31,4648549330,6634847027
390,Customer_390,customer390@example.com,3.24,Standard,2034-11-14,642GB,Inactive,2026-04-02,2529034427,5352736312
391,Customer_391,customer391@example.com,47.19,Basic,2034-11-29,849GB,Active,2026-04-04,6358708229,2690401099
392,Customer_392,customer392@example.com,30.77,Standard,2034-12-14,220GB,Inactive,2026-04-06,7186322114,7661789500
393,Customer_393,customer393@example.com,84.47,Premium,2034-12-29,156GB,Active,2026-04-08,4408956386,9419662290
394,Customer_394,customer394@example.com,95.51,Basic,2035-01-13,896GB,Inactive,2026-04-10,8671175632,4788699922
395,Customer_395,customer395@example.com,56.71,Basic,2035-01-28,714GB,Inactive,2026-04-12,7822400986,2065641027
396,Customer_396,customer396@example.com,34.77,Standard,2035-02-12,400GB,Inactive,2026-04-14,9434460705,3680883804
397,Customer_397,customer397@example.com,70.11,Premium,2035-02-27,565GB,Inactive,2026-04-16,9664163254,3137343377
398,Customer_398,customer398@example.com,36.74,Standard,2035-03-14,191GB,Active,2026-04-18,7760824330,5803789168
399,Customer_399,customer399@example.com,4.86,Standard,2035-03-29,298GB,Active,2026-04-20,3558991275,9788144769
400,Customer_400,customer400@example.com,49.66,Standard,2035-04-13,577GB,Inactive,2026-04-22,4147802299,3188997702
401,Customer_401,customer401@example.com,3.0,Basic,2035-04-28,840GB,Active,2026-04-24,4463034077,3958751898
402,Customer_402,customer402@example.com,63.64,Standard,2035-05-13,298GB,Inactive,2026-04-26,8907396329,9968255048
403,Customer_403,customer403@example.com,13.37,Basic,2035-05-28,288GB,Inactive,2026-04-28,5798486004,8741203068
404,Customer_404,customer404@example.com,50.79,Premium,2035-06-12,909GB,Inactive,2026-04-30,4535143893,5178891490
405,Customer_405,customer405@example.com,70.85,Standard,2035-06-27,259GB,Inactive,2026-05-02,1304598761,7856978647
406,Customer_406,customer406@example.com,5.66,Premium,2035-07-12,468GB,Inactive,2026-05-04,1845903368,1195493970
407,Customer_407,customer407@example.com,41.69,Standard,2035-07-27,145GB,Active,2026-05-06,8045232122,1274408227
408,Customer_408,customer408@example.com,14.58,Basic,2035-08-11,924GB,Active,2026-05-08,3933254335,3251279401
409,Customer_409,customer409@example.com,31.11,Basic,2035-08-26,458GB,Active,2026-05-10,2308799569,4793013975
410,Customer_410,customer410@example.com,93.13,Basic,2035-09-10,388GB,Inactive,2026-05-12,9597686503,9196361590
411,Customer_411,customer411@example.com,50.52,Standard,2035-09-25,741GB,Active,2026-05-14,9752264653,7177729842
412,Customer_412,customer412@example.com,37.09,Basic,2035-10-10,950GB,Active,2026-05-16,5578246901,3720681351
413,Customer_413,customer413@example.com,49.18,Premium,2035-10-25,171GB,Inactive,2026-05-18,5053955995,6430619208
414,Customer_414,customer414@example.com,60.7,Basic,2035-11-09,842GB,Active,2026-05-20,5093659025,4904967115
415,Customer_415,customer415@example.com,79.17,Basic,2035-11-24,846GB,Inactive,2026-05-22,8017182085,4783345400
416,Customer_416,customer416@example.com,2.84,Basic,2035-12-09,881GB,Active,2026-05-24,7210953285,2132144872
417,Customer_417,customer417@example.com,20.11,Standard,2035-12-24,476GB,Inactive,2026-05-26,9915125843,3743629591
418,Customer_418,customer418@example.com,17.42,Premium,2036-01-08,803GB,Inactive,2026-05-28,9201959020,2388274165
419,Customer_419,customer419@example.com,85.75,Premium,2036-01-23,871GB,Inactive,2026-05-30,7713687680,5444349258
420,Customer_420,customer420@example.com,14.7,Standard,2036-02-07,457GB,Inactive,2026-06-01,1251415474,2435397890
421,Customer_421,customer421@example.com,66.67,Basic,2036-02-22,110GB,Active,2026-06-03,1217779530,7310329930
422,Customer_422,customer422@example.com,24.92,Basic,2036-03-08,535GB,Active,2026-06-05,4378725644,5680749828
423,Customer_423,customer423@example.com,44.2,Basic,2036-03-23,535GB,Inactive,2026-06-07,7097137094,2135959893
424,Customer_424,customer424@example.com,77.43,Premium,2036-04-07,688GB,Inactive,2026-06-09,7131617563,8325816753
425,Customer_425,customer425@example.com,75.86,Basic,2036-04-22,634GB,Inactive,2026-06-11,1683433400,2020032931
426,Customer_426,customer426@example.com,25.8,Basic,2036-05-07,946GB,Inactive,2026-06-13,5370962162,6828451676
427,Customer_427,customer427@example.com,68.11,Standard,2036-05-22,692GB,Inactive,2026-06-15,4522354264,6604261112
428,Customer_428,customer428@example.com,44.42,Premium,2036-06-06,659GB,Inactive,2026-06-17,5184790468,1433490293
429,Customer_429,customer429@example.com,95.59,Basic,2036-06-21,695GB,Inactive,2026-06-19,1972702721,8279095077
430,Customer_430,customer430@example.com,34.8,Standard,2036-07-06,920GB,Active,2026-06-21,3667066926,1850687921
431,Customer_431,customer431@example.com,37.42,Premium,2036-07-21,603GB,Active,2026-06-23,1371590951,2715242564
432,Customer_432,customer432@example.com,20.78,Basic,2036-08-05,219GB,Inactive,2026-06-25,2365326078,5927694739
433,Customer_433,customer433@example.com,47.63,Standard,2036-08-20,937GB,Active,2026-06-27,1559188329,8980727816
436,Customer_436,customer436@example.com,80.24,Basic,2036-10-04,490GB,Active,2026-07-03,9783107984,6668981447
437,Customer_437,customer437@example.com,63.73,Standard,2036-10-19,248GB,Inactive,2026-07-05,9313932694,4358385034
438,Customer_438,customer438@example.com,70.94,Basic,2036-11-03,531GB,Inactive,2026-07-07,9526643604,2730333305
439,Customer_439,customer439@example.com,86.81,Basic,2036-11-18,643GB,Active,2026-07-09,8633844261,7789015266
440,Customer_440,customer440@example.com,71.44,Basic,2036-12-03,555GB,Inactive,2026-07-11,5312849777,2324184524
441,Customer_441,customer441@example.com,87.17,Standard,2036-12-18,194GB,Inactive,2026-07-13,1420547702,8473987350
442,Customer_442,customer442@example.com,64.59,Premium,2037-01-02,995GB,Inactive,2026-07-15,9351470556,2587774182
443,Customer_443,customer443@example.com,88.91,Standard,2037-01-17,291GB,Inactive,2026-07-17,3486224795,5931314810
444,Customer_444,customer444@example.com,53.54,Premium,2037-02-01,387GB,Active,2026-07-19,1361118082,9843763227
445,Customer_445,customer445@example.com,70.46,Basic,2037-02-16,717GB,Inactive,2026-07-21,5923885866,1540160740
446,Customer_446,customer446@example.com,59.11,Basic,2037-03-03,212GB,Inactive,2026-07-23,7171239339,7173493228
447,Customer_447,customer447@example.com,29.02,Basic,2037-03-18,613GB,Active,2026-07-25,1730417159,6165398060
448,Customer_448,customer448@example.com,8.41,Basic,2037-04-02,799GB,Inactive,2026-07-27,7939633917,1400887518
449,Customer_449,customer449@example.com,35.76,Basic,2037-04-17,916GB,Active,2026-07-29,4327937578,6251447484
450,Customer_450,customer450@example.com,49.64,Standard,2037-05-02,696GB,Inactive,2026-07-31,2910158025,8367824506
451,Customer_451,customer451@example.com,70.78,Basic,2037-05-17,370GB,Active,2026-08-02,5616767367,2466484248
452,Customer_452,customer452@example.com,62.11,Standard,2037-06-01,671GB,Inactive,2026-08-04,1599550109,8563977017
453,Customer_453,customer453@example.com,57.06,Basic,2037-06-16,132GB,Inactive,2026-08-06,9161809967,2324410473
454,Customer_454,customer454@example.com,9.65,Standard,2037-07-01,262GB,Inactive,2026-08-08,9577129233,9596456840
455,Customer_455,customer455@example.com,35.46,Premium,2037-07-16,528GB,Inactive,2026-08-10,6061911633,4744378940
456,Customer_456,customer456@example.com,52.67,Basic,2037-07-31,188GB,Active,2026-08-12,8694112863,6104612917
457,Customer_457,customer457@example.com,86.68,Basic,2037-08-15,597GB,Inactive,2026-08-14,4035457469,9294398658
458,Customer_458,customer458@example.com,92.15,Standard,2037-08-30,203GB,Active,2026-08-16,5637596397,9721265967
459,Customer_459,customer459@example.com,51.28,Premium,2037-09-14,881GB,Inactive,2026-08-18,7689207869,4004784835
460,Customer_460,customer460@example.com,92.17,Basic,2037-09-29,272GB,Active,2026-08-20,5821351073,2086549172
461,Customer_461,customer461@example.com,51.09,Standard,2037-10-14,921GB,Active,2026-08-22,4504160027,3661010999
462,Customer_462,customer462@example.com,20.77,Standard,2037-10-29,563GB,Inactive,2026-08-24,6938971355,3289067851
463,Customer_463,customer463@example.com,77.68,Standard,2037-11-13,827GB,Active,2026-08-26,3598962566,8185049539
464,Customer_464,customer464@example.com,76.03,Premium,2037-11-28,788GB,Active,2026-08-28,5731625297,1341336748
465,Customer_465,customer465@example.com,14.12,Standard,2037-12-13,713GB,Active,2026-08-30,8507017896,9447563050
466,Customer_466,customer466@example.com,47.77,Premium,2037-12-28,432GB,Active,2026-09-01,1836409292,3887812210
467,Customer_467,customer467@example.com,36.48,Standard,2038-01-12,628GB,Inactive,2026-09-03,2943774199,1661068048
468,Customer_468,customer468@example.com,87.06,Standard,2038-01-27,956GB,Inactive,2026-09-05,6926629847,5439169979
469,Customer_469,customer469@example.com,38.96,Basic,2038-02-11,773GB,Inactive,2026-09-07,6031537168,9019434198
470,Customer_470,customer470@example.com,20.02,Basic,2038-02-26,372GB,Inactive,2026-09-09,5736665422,9241951742
471,Customer_471,customer471@example.com,87.19,Basic,2038-03-13,450GB,Active,2026-09-11,9088490224,6748531606
472,Customer_472,customer472@example.com,60.82,Standard,2038-03-28,824GB,Active,2026-09-13,4725593708,1028291042
473,Customer_473,customer473@example.com,27.02,Premium,2038-04-12,430GB,Active,2026-09-15,9577164546,8409990543
474,Customer_474,customer474@example.com,61.34,Standard,2038-04-27,614GB,Active,2026-09-17,3718250980,1412881922
475,Customer_475,customer475@example.com,54.78,Standard,2038-05-12,106GB,Active,2026-09-19,5364070743,1364885103
476,Customer_476,customer476@example.com,38.64,Standard,2038-05-27,532GB,Inactive,2026-09-21,1882026919,7896642761
477,Customer_477,customer477@example.com,66.34,Premium,2038-06-11,514GB,Inactive,2026-09-23,8359921131,4994099968
478,Customer_478,customer478@example.com,39.99,Basic,2038-06-26,551GB,Active,2026-09-25,9199572853,9104668739
479,Customer_479,customer479@example.com,2.19,Basic,2038-07-11,642GB,Inactive,2026-09-27,9965967234,3978728040
480,Customer_480,customer480@example.com,26.85,Premium,2038-07-26,462GB,Active,2026-09-29,8125107495,1256077097
481,Customer_481,customer481@example.com,41.84,Basic,2038-08-10,557GB,Inactive,2026-10-01,7247597645,9435178877
482,Customer_482,customer482@example.com,73.13,Standard,2038-08-25,305GB,Inactive,2026-10-03,3965392335,7278508932
483,Customer_483,customer483@example.com,81.74,Premium,2038-09-09,155GB,Inactive,2026-10-05,5227660525,8443109108
484,Customer_484,customer484@example.com,36.8,Basic,2038-09-24,704GB,Inactive,2026-10-07,6134263333,1412723777
485,Customer_485,customer485@example.com,96.09,Standard,2038-10-09,808GB,Inactive,2026-10-09,4744258957,8842136753
486,Customer_486,customer486@example.com,37.55,Premium,2038-10-24,875GB,Inactive,2026-10-11,3915781403,9798582220
487,Customer_487,customer487@example.com,3.86,Premium,2038-11-08,332GB,Inactive,2026-10-13,2079081089,1530156423
488,Customer_488,customer488@example.com,43.48,Basic,2038-11-23,391GB,Active,2026-10-15,7410146545,2067598517
489,Customer_489,customer489@example.com,55.56,Premium,2038-12-08,390GB,Active,2026-10-17,6368753539,5419425067
490,Customer_490,customer490@example.com,82.97,Basic,2038-12-23,234GB,Active,2026-10-19,4732211038,9949319709
491,Customer_491,customer491@example.com,33.7,Basic,2039-01-07,753GB,Active,2026-10-21,2516786667,7888763367
492,Customer_492,customer492@example.com,66.01,Premium,2039-01-22,310GB,Active,2026-10-23,6266833540,2556977005
493,Customer_493,customer493@example.com,45.85,Premium,2039-02-06,462GB,Inactive,2026-10-25,5153455430,1082322509
494,Customer_494,customer494@example.com,98.09,Premium,2039-02-21,907GB,Active,2026-10-27,6082479460,9360574669
495,Customer_495,customer495@example.com,97.94,Basic,2039-03-08,276GB,Active,2026-10-29,5957996620,1374909726
496,Customer_496,customer496@example.com,61.28,Premium,2039-03-23,996GB,Inactive,2026-10-31,5692927438,5957863055
497,Customer_497,customer497@example.com,9.73,Standard,2039-04-07,342GB,Inactive,2026-11-02,2315315005,4416706472
498,Customer_498,customer498@example.com,46.49,Premium,2039-04-22,306GB,Inactive,2026-11-04,6161038532,5232343846
499,Customer_499,customer499@example.com,1.56,Basic,2039-05-07,640GB,Active,2026-11-06,5092780412,6194047352
500,Customer_500,customer500@example.com,41.93,Standard,2039-05-22,807GB,Inactive,2026-11-08,5852786024,1634945081
501,Customer_501,customer501@example.com,55.19,Premium,2039-06-06,237GB,Inactive,2026-11-10,1562515836,2028033433
502,Customer_502,customer502@example.com,40.35,Basic,2039-06-21,536GB,Active,2026-11-12,4710762307,9885730011
503,Customer_503,customer503@example.com,41.35,Basic,2039-07-06,754GB,Active,2026-11-14,6348425707,1422932645
504,Customer_504,customer504@example.com,22.3,Basic,2039-07-21,358GB,Active,2026-11-16,4444946363,4330277228
505,Customer_505,customer505@example.com,29.67,Standard,2039-08-05,271GB,Active,2026-11-18,2690723154,4164066451
506,Customer_506,customer506@example.com,62.17,Basic,2039-08-20,571GB,Inactive,2026-11-20,1139473038,5020857132
507,Customer_507,customer507@example.com,84.85,Standard,2039-09-04,762GB,Inactive,2026-11-22,3589781079,8576271021
508,Customer_508,customer508@example.com,74.5,Standard,2039-09-19,339GB,Inactive,2026-11-24,7203040477,7373860793
509,Customer_509,customer509@example.com,63.36,Premium,2039-10-04,996GB,Inactive,2026-11-26,7230519498,9452785371
510,Customer_510,customer510@example.com,47.01,Premium,2039-10-19,110GB,Active,2026-11-28,2692670763,1300771002
511,Customer_511,customer511@example.com,53.28,Premium,2039-11-03,247GB,Inactive,2026-11-30,4210815632,1242088707
512,Customer_512,customer512@example.com,13.07,Standard,2039-11-18,149GB,Active,2026-12-02,8238330417,1873005107
513,Customer_513,customer513@example.com,86.02,Standard,2039-12-03,699GB,Active,2026-12-04,8654743354,1938718687
514,Customer_514,customer514@example.com,45.74,Basic,2039-12-18,832GB,Inactive,2026-12-06,7400932658,8355965135
515,Customer_515,customer515@example.com,99.61,Basic,2040-01-02,279GB,Active,2026-12-08,9487755577,1608116526
516,Customer_516,customer516@example.com,15.79,Standard,2040-01-17,899GB,Active,2026-12-10,6741194869,8744573334
517,Customer_517,customer517@example.com,30.3,Premium,2040-02-01,715GB,Active,2026-12-12,2076866327,4757607870
518,Customer_518,customer518@example.com,65.37,Basic,2040-02-16,861GB,Active,2026-12-14,5610523394,4777015222
519,Customer_519,customer519@example.com,3.84,Basic,2040-03-02,611GB,Active,2026-12-16,9478005740,6774259347
520,Customer_520,customer520@example.com,69.58,Standard,2040-03-17,171GB,Active,2026-12-18,4018773451,7814454075
521,Customer_521,customer521@example.com,67.35,Standard,2040-04-01,435GB,Active,2026-12-20,8730160953,1782675781
522,Customer_522,customer522@example.com,31.77,Premium,2040-04-16,640GB,Inactive,2026-12-22,2471112310,6824291446
523,Customer_523,customer523@example.com,38.08,Premium,2040-05-01,156GB,Inactive,2026-12-24,7556556189,7070419861
524,Customer_524,customer524@example.com,24.58,Premium,2040-05-16,432GB,Active,2026-12-26,7701522886,7723202069
525,Customer_525,customer525@example.com,74.6,Basic,2040-05-31,307GB,Active,2026-12-28,5948517678,7363545564
526,Customer_526,customer526@example.com,88.78,Standard,2040-06-15,974GB,Inactive,2026-12-30,5824791001,9792727879
527,Customer_527,customer527@example.com,73.32,Premium,2040-06-30,403GB,Inactive,2027-01-01,1141353069,7442147003
528,Customer_528,customer528@example.com,90.08,Standard,2040-07-15,100GB,Active,2027-01-03,5513320403,3286285224
529,Customer_529,customer529@example.com,19.73,Basic,2040-07-30,651GB,Inactive,2027-01-05,7262287466,1798350305
530,Customer_530,customer530@example.com,14.16,Basic,2040-08-14,274GB,Active,2027-01-07,9029693448,5935433418
531,Customer_531,customer531@example.com,9.15,Standard,2040-08-29,945GB,Active,2027-01-09,1628670023,2618351180
532,Customer_532,customer532@example.com,72.79,Basic,2040-09-13,378GB,Inactive,2027-01-11,6179369805,3330822395
533,Customer_533,customer533@example.com,55.93,Premium,2040-09-28,973GB,Inactive,2027-01-13,4349874111,5760351126
534,Customer_534,customer534@example.com,22.34,Basic,2040-10-13,300GB,Active,2027-01-15,4623312821,1509430048
535,Customer_535,customer535@example.com,64.64,Premium,2040-10-28,522GB,Inactive,2027-01-17,4768138753,2801621131
536,Customer_536,customer536@example.com,57.35,Premium,2040-11-12,136GB,Active,2027-01-19,3643996037,3905082764
537,Customer_537,customer537@example.com,31.59,Standard,2040-11-27,911GB,Active,2027-01-21,2129745567,8508365416
538,Customer_538,customer538@example.com,42.04,Standard,2040-12-12,214GB,Inactive,2027-01-23,3572984075,2397440280
540,Customer_540,customer540@example.com,93.87,Basic,2041-01-11,846GB,Active,2027-01-27,8714768323,2215050999
541,Customer_541,customer541@example.com,68.91,Standard,2041-01-26,126GB,Inactive,2027-01-29,7091568301,6065652242
542,Customer_542,customer542@example.com,59.15,Premium,2041-02-10,361GB,Active,2027-01-31,4429487746,7532741446
543,Customer_543,customer543@example.com,96.75,Basic,2041-02-25,147GB,Inactive,2027-02-02,8225352540,6346416495
544,Customer_544,customer544@example.com,49.55,Premium,2041-03-12,260GB,Active,2027-02-04,7304962005,7465857744
545,Customer_545,customer545@example.com,23.14,Premium,2041-03-27,902GB,Inactive,2027-02-06,3778801568,3520798601
546,Customer_546,customer546@example.com,93.85,Basic,2041-04-11,282GB,Inactive,2027-02-08,1099198042,5861946300
547,Customer_547,customer547@example.com,25.18,Basic,2041-04-26,639GB,Inactive,2027-02-10,3218285724,9557975733
548,Customer_548,customer548@example.com,21.82,Premium,2041-05-11,711GB,Active,2027-02-12,3055066112,8794788891
549,Customer_549,customer549@example.com,11.25,Premium,2041-05-26,829GB,Active,2027-02-14,3872985419,1281698480
550,Customer_550,customer550@example.com,67.87,Standard,2041-06-10,491GB,Active,2027-02-16,3457479926,7435451117
551,Customer_551,customer551@example.com,25.42,Standard,2041-06-25,922GB,Active,2027-02-18,7850027247,7576650290
552,Customer_552,customer552@example.com,61.68,Premium,2041-07-10,637GB,Inactive,2027-02-20,7698293760,6360633659
553,Customer_553,customer553@example.com,66.8,Premium,2041-07-25,590GB,Active,2027-02-22,5436030020,2542099380
554,Customer_554,customer554@example.com,98.42,Basic,2041-08-09,727GB,Inactive,2027-02-24,3094189668,7911465794
555,Customer_555,customer555@example.com,3.43,Standard,2041-08-24,425GB,Inactive,2027-02-26,5451161436,4305022684
556,Customer_556,customer556@example.com,59.08,Standard,2041-09-08,751GB,Active,2027-02-28,9950574042,3919964417
557,Customer_557,customer557@example.com,83.46,Basic,2041-09-23,958GB,Active,2027-03-02,4490904404,8886602570
558,Customer_558,customer558@example.com,92.29,Standard,2041-10-08,637GB,Active,2027-03-04,4360109183,2368854904
559,Customer_559,customer559@example.com,33.28,Basic,2041-10-23,906GB,Inactive,2027-03-06,7109753700,1478417701
560,Customer_560,customer560@example.com,67.92,Basic,2041-11-07,214GB,Inactive,2027-03-08,5474909879,6371109110
561,Customer_561,customer561@example.com,56.65,Premium,2041-11-22,376GB,Inactive,2027-03-10,8813393851,5222544616
562,Customer_562,customer562@example.com,20.66,Basic,2041-12-07,910GB,Inactive,2027-03-12,1191572846,3191024620
563,Customer_563,customer563@example.com,38.18,Basic,2041-12-22,788GB,Active,2027-03-14,6747358293,5681571075
564,Customer_564,customer564@example.com,1.86,Standard,2042-01-06,886GB,Inactive,2027-03-16,3138571487,9125001078
565,Customer_565,customer565@example.com,48.36,Basic,2042-01-21,384GB,Active,2027-03-18,5927432002,4179764670
566,Customer_566,customer566@example.com,73.85,Standard,2042-02-05,283GB,Active,2027-03-20,3729447223,9123041147
567,Customer_567,customer567@example.com,18.39,Standard,2042-02-20,333GB,Inactive,2027-03-22,4310357586,3416882846
568,Customer_568,customer568@example.com,80.33,Premium,2042-03-07,450GB,Inactive,2027-03-24,1655860277,1585873533
570,Customer_570,customer570@example.com,17.5,Standard,2042-04-06,635GB,Inactive,2027-03-28,3904361685,7605893167
571,Customer_571,customer571@example.com,24.35,Basic,2042-04-21,837GB,Inactive,2027-03-30,4369204651,3264241491
572,Customer_572,customer572@example.com,16.14,Standard,2042-05-06,904GB,Inactive,2027-04-01,1615587644,1353596894
573,Customer_573,customer573@example.com,67.34,Basic,2042-05-21,524GB,Active,2027-04-03,5341839769,4193668263
574,Customer_574,customer574@example.com,42.47,Premium,2042-06-05,167GB,Inactive,2027-04-05,9626192718,7012256358
575,Customer_575,customer575@example.com,47.51,Basic,2042-06-20,500GB,Active,2027-04-07,4362884227,8575408815
576,Customer_576,customer576@example.com,67.74,Standard,2042-07-05,571GB,Inactive,2027-04-09,9806600566,1980765094
577,Customer_577,customer577@example.com,32.6,Premium,2042-07-20,645GB,Inactive,2027-04-11,4125122916,3436763269
578,Customer_578,customer578@example.com,20.94,Premium,2042-08-04,994GB,Active,2027-04-13,4552256233,7180385652
579,Customer_579,customer579@example.com,30.19,Standard,2042-08-19,770GB,Inactive,2027-04-15,1473133795,8862379687
580,Customer_580,customer580@example.com,53.29,Premium,2042-09-03,209GB,Inactive,2027-04-17,8995312395,8278794348
581,Customer_581,customer581@example.com,4.07,Basic,2042-09-18,485GB,Active,2027-04-19,4859915941,5978756043
582,Customer_582,customer582@example.com,18.07,Premium,2042-10-03,427GB,Inactive,2027-04-21,6344584893,9448484212
583,Customer_583,customer583@example.com,21.25,Standard,2042-10-18,176GB,Active,2027-04-23,6306065931,9096824955
584,Customer_584,customer584@example.com,97.97,Standard,2042-11-02,494GB,Inactive,2027-04-25,7054131257,6375056723
585,Customer_585,customer585@example.com,54.39,Premium,2042-11-17,748GB,Active,2027-04-27,7240091191,7601677883
586,Customer_586,customer586@example.com,31.84,Premium,2042-12-02,650GB,Inactive,2027-04-29,1663632855,7863263264
587,Customer_587,customer587@example.com,92.42,Basic,2042-12-17,750GB,Active,2027-05-01,8596768968,8048920559
588,Customer_588,customer588@example.com,85.69,Standard,2043-01-01,169GB,Inactive,2027-05-03,5499720340,7250675498
589,Customer_589,customer589@example.com,5.11,Premium,2043-01-16,942GB,Inactive,2027-05-05,1030113452,4009499722
590,Customer_590,customer590@example.com,34.37,Premium,2043-01-31,410GB,Active,2027-05-07,2112529540,8964789725
591,Customer_591,customer591@example.com,26.2,Standard,2043-02-15,370GB,Inactive,2027-05-09,2980364068,2910194729
592,Customer_592,customer592@example.com,21.72,Standard,2043-03-02,859GB,Inactive,2027-05-11,2013018056,4878913346
593,Customer_593,customer593@example.com,81.43,Standard,2043-03-17,137GB,Active,2027-05-13,8767869757,2423106617
594,Customer_594,customer594@example.com,19.51,Standard,2043-04-01,115GB,Active,2027-05-15,9856557816,6105872629
595,Customer_595,customer595@example.com,41.93,Basic,2043-04-16,775GB,Active,2027-05-17,3285196146,8436343838
596,Customer_596,customer596@example.com,36.98,Premium,2043-05-01,580GB,Inactive,2027-05-19,4462491563,3330142356
597,Customer_597,customer597@example.com,62.04,Premium,2043-05-16,717GB,Inactive,2027-05-21,3071366406,2455962231
598,Customer_598,customer598@example.com,83.7,Standard,2043-05-31,897GB,Active,2027-05-23,8617403208,3556871599
600,Customer_600,customer600@example.com,77.89,Standard,2043-06-30,358GB,Active,2027-05-27,3559265621,9434990582
602,Customer_602,customer602@example.com,17.93,Standard,2043-07-30,546GB,Active,2027-05-31,1012318936,6460211148
603,Customer_603,customer603@example.com,62.39,Premium,2043-08-14,684GB,Active,2027-06-02,8776031774,8928341937
604,Customer_604,customer604@example.com,85.99,Basic,2043-08-29,400GB,Active,2027-06-04,4365316434,6595000419
605,Customer_605,customer605@example.com,72.86,Standard,2043-09-13,333GB,Inactive,2027-06-06,3949004006,9870422281
606,Customer_606,customer606@example.com,85.84,Standard,2043-09-28,995GB,Active,2027-06-08,2918447985,2386693797
607,Customer_607,customer607@example.com,93.72,Premium,2043-10-13,986GB,Active,2027-06-10,3695971294,9074906372
608,Customer_608,customer608@example.com,84.05,Basic,2043-10-28,426GB,Inactive,2027-06-12,7210248065,8516998591
609,Customer_609,customer609@example.com,80.93,Basic,2043-11-12,215GB,Inactive,2027-06-14,9354156298,3987918097
610,Customer_610,customer610@example.com,99.69,Premium,2043-11-27,819GB,Active,2027-06-16,9265007504,9930666128
611,Customer_611,customer611@example.com,47.61,Basic,2043-12-12,128GB,Active,2027-06-18,9272643460,7460471326
612,Customer_612,customer612@example.com,16.16,Standard,2043-12-27,374GB,Inactive,2027-06-20,5806641155,9678127220
613,Customer_613,customer613@example.com,67.43,Basic,2044-01-11,861GB,Inactive,2027-06-22,4449932400,8159322068
614,Customer_614,customer614@example.com,91.34,Standard,2044-01-26,946GB,Inactive,2027-06-24,7188421412,9571529060
615,Customer_615,customer615@example.com,56.61,Premium,2044-02-10,949GB,Active,2027-06-26,7498079627,5067414532
616,Customer_616,customer616@example.com,81.38,Premium,2044-02-25,791GB,Inactive,2027-06-28,9692147594,4632890909
617,Customer_617,customer617@example.com,50.57,Standard,2044-03-11,838GB,Inactive,2027-06-30,2858855873,5539476569
618,Customer_618,customer618@example.com,35.16,Premium,2044-03-26,608GB,Inactive,2027-07-02,2008508636,7388941312
619,Customer_619,customer619@example.com,18.11,Standard,2044-04-10,636GB,Active,2027-07-04,3869664369,6779457687
620,Customer_620,customer620@example.com,69.13,Premium,2044-04-25,144GB,Inactive,2027-07-06,5368722684,3219729453
621,Customer_621,customer621@example.com,84.66,Premium,2044-05-10,144GB,Inactive,2027-07-08,6808784051,9681262528
622,Customer_622,customer622@example.com,21.44,Standard,2044-05-25,983GB,Active,2027-07-10,2512296922,8523008979
623,Customer_623,customer623@example.com,39.26,Basic,2044-06-09,187GB,Inactive,2027-07-12,4103033871,1914807265
624,Customer_624,customer624@example.com,79.14,Basic,2044-06-24,329GB,Active,2027-07-14,9525414621,3360686959
625,Customer_625,customer625@example.com,27.07,Premium,2044-07-09,307GB,Active,2027-07-16,8935978662,9778259938
626,Customer_626,customer626@example.com,45.44,Basic,2044-07-24,485GB,Inactive,2027-07-18,1303323734,1306285757
627,Customer_627,customer627@example.com,21.71,Premium,2044-08-08,480GB,Inactive,2027-07-20,3099148494,1257211809
628,Customer_628,customer628@example.com,4.72,Premium,2044-08-23,435GB,Active,2027-07-22,3631846416,8726944863
629,Customer_629,customer629@example.com,53.63,Standard,2044-09-07,523GB,Inactive,2027-07-24,9508670561,1544498488
630,Customer_630,customer630@example.com,65.3,Standard,2044-09-22,244GB,Active,2027-07-26,8638259813,6564727701
631,Customer_631,customer631@example.com,69.37,Basic,2044-10-07,923GB,Active,2027-07-28,3640462123,8981742743
632,Customer_632,customer632@example.com,55.56,Basic,2044-10-22,836GB,Inactive,2027-07-30,7277757652,8673988344
633,Customer_633,customer633@example.com,6.32,Premium,2044-11-06,170GB,Inactive,2027-08-01,9111800113,2588306450
635,Customer_635,customer635@example.com,2.65,Basic,2044-12-06,168GB,Inactive,2027-08-05,4240819394,4874827126
636,Customer_636,customer636@example.com,85.22,Basic,2044-12-21,889GB,Inactive,2027-08-07,1254597393,9658672415
637,Customer_637,customer637@example.com,12.96,Basic,2045-01-05,709GB,Active,2027-08-09,8392005518,4575032504
638,Customer_638,customer638@example.com,44.98,Basic,2045-01-20,682GB,Inactive,2027-08-11,6275177886,6997656591
639,Customer_639,customer639@example.com,61.77,Standard,2045-02-04,178GB,Active,2027-08-13,5866431060,5252008722
640,Customer_640,customer640@example.com,23.08,Premium,2045-02-19,836GB,Active,2027-08-15,4191227932,2972269434
641,Customer_641,customer641@example.com,40.6,Standard,2045-03-06,557GB,Inactive,2027-08-17,1330704027,7312878843
642,Customer_642,customer642@example.com,68.21,Standard,2045-03-21,751GB,Active,2027-08-19,6107878933,2836692013
643,Customer_643,customer643@example.com,40.96,Basic,2045-04-05,357GB,Inactive,2027-08-21,7177032390,7561980206
644,Customer_644,customer644@example.com,18.92,Basic,2045-04-20,128GB,Active,2027-08-23,2219400265,3357738938
645,Customer_645,customer645@example.com,33.87,Premium,2045-05-05,378GB,Active,2027-08-25,6126148237,4027030759
646,Customer_646,customer646@example.com,84.26,Premium,2045-05-20,210GB,Inactive,2027-08-27,3546148176,5016947168
647,Customer_647,customer647@example.com,47.72,Standard,2045-06-04,990GB,Inactive,2027-08-29,3343469499,6253127324
648,Customer_648,customer648@example.com,81.68,Standard,2045-06-19,834GB,Active,2027-08-31,6747861625,9215974852
649,Customer_649,customer649@example.com,49.3,Basic,2045-07-04,585GB,Active,2027-09-02,1278689207,1085386239
650,Customer_650,customer650@example.com,51.94,Premium,2045-07-19,840GB,Inactive,2027-09-04,9530620636,4645876141
651,Customer_651,customer651@example.com,14.05,Basic,2045-08-03,201GB,Active,2027-09-06,4561754418,4062718612
652,Customer_652,customer652@example.com,59.71,Standard,2045-08-18,623GB,Active,2027-09-08,6472228394,4255426834
653,Customer_653,customer653@example.com,17.67,Standard,2045-09-02,364GB,Active,2027-09-10,9817867945,6270483543
654,Customer_654,customer654@example.com,56.02,Basic,2045-09-17,954GB,Active,2027-09-12,7028393263,8945831477
655,Customer_655,customer655@example.com,6.66,Basic,2045-10-02,973GB,Inactive,2027-09-14,5609366744,9926206937
